sku,producto,component_code,component_name,qty,unit,qty_kg,component_type,required,discount_moment,note
MCK-MBI-270,Momo Cake Mango biche,BASE-CROCANTE-NEUTRO,Base crocante,0.04,kg,0.04,SUBRECETA,SI,AL_ENSAMBLAR,
MCK-MBI-270,Momo Cake Mango biche,BASE-MOUSSE-MANGO-BICHE,Mousse Mango biche,0.14,kg,0.14,SUBRECETA,SI,AL_ENSAMBLAR,
MCK-MBI-270,Momo Cake Mango biche,BASE-CHEESECAKE-NEUTRO,Cheesecake neutro,0.06,kg,0.06,SUBRECETA,SI,AL_ENSAMBLAR,En sabores frutales reemplaza la ganache para evitar exceso de chocolate.
MCK-MBI-270,Momo Cake Mango biche,BASE-SALSA-MANGO-BICHE,Salsa/cobertura Mango biche,0.02,kg,0.02,SUBRECETA,SI,AL_ENSAMBLAR,
MCK-MBI-270,Momo Cake Mango biche,TOP-MANGO-BICHE,Topping Mango biche,0.01,kg,0.01,INSUMO_O_SUBRECETA,SI,AL_ENSAMBLAR,
MCK-MBI-270,Momo Cake Mango biche,FIG-HOR-MBI,Figurita horizontal Mango biche,1,und,0,SEMITERMINADO,SI,AL_ENSAMBLAR,Peso pendiente de validar; se consume por unidad.
MCK-COC-270,Momo Cake Coco,BASE-CROCANTE-NEUTRO,Base crocante,0.04,kg,0.04,SUBRECETA,SI,AL_ENSAMBLAR,
MCK-COC-270,Momo Cake Coco,BASE-MOUSSE-COCO,Mousse Coco,0.14,kg,0.14,SUBRECETA,SI,AL_ENSAMBLAR,
MCK-COC-270,Momo Cake Coco,BASE-CHEESECAKE-NEUTRO,Cheesecake neutro,0.06,kg,0.06,SUBRECETA,SI,AL_ENSAMBLAR,En sabores frutales reemplaza la ganache para evitar exceso de chocolate.
MCK-COC-270,Momo Cake Coco,BASE-SALSA-LECHE-CONDENSADA,Salsa/cobertura Coco,0.02,kg,0.02,SUBRECETA,SI,AL_ENSAMBLAR,
MCK-COC-270,Momo Cake Coco,TOP-COCO-RALLADO,Topping Coco,0.01,kg,0.01,INSUMO_O_SUBRECETA,SI,AL_ENSAMBLAR,
MCK-COC-270,Momo Cake Coco,FIG-HOR-COC,Figurita horizontal Coco,1,und,0,SEMITERMINADO,SI,AL_ENSAMBLAR,Peso pendiente de validar; se consume por unidad.
MCK-MAR-270,Momo Cake Maracuyá,BASE-CROCANTE-NEUTRO,Base crocante,0.04,kg,0.04,SUBRECETA,SI,AL_ENSAMBLAR,
MCK-MAR-270,Momo Cake Maracuyá,BASE-MOUSSE-MARACUYA,Mousse Maracuyá,0.14,kg,0.14,SUBRECETA,SI,AL_ENSAMBLAR,
MCK-MAR-270,Momo Cake Maracuyá,BASE-CHEESECAKE-NEUTRO,Cheesecake neutro,0.06,kg,0.06,SUBRECETA,SI,AL_ENSAMBLAR,En sabores frutales reemplaza la ganache para evitar exceso de chocolate.
MCK-MAR-270,Momo Cake Maracuyá,BASE-SALSA-MARACUYA,Salsa/cobertura Maracuyá,0.02,kg,0.02,SUBRECETA,SI,AL_ENSAMBLAR,
MCK-MAR-270,Momo Cake Maracuyá,TOP-MARACUYA,Topping Maracuyá,0.01,kg,0.01,INSUMO_O_SUBRECETA,SI,AL_ENSAMBLAR,
MCK-MAR-270,Momo Cake Maracuyá,FIG-HOR-MAR,Figurita horizontal Maracuyá,1,und,0,SEMITERMINADO,SI,AL_ENSAMBLAR,Peso pendiente de validar; se consume por unidad.
MCK-LIM-270,Momo Cake Limón,BASE-CROCANTE-NEUTRO,Base crocante,0.04,kg,0.04,SUBRECETA,SI,AL_ENSAMBLAR,
MCK-LIM-270,Momo Cake Limón,BASE-MOUSSE-LIMON,Mousse Limón,0.14,kg,0.14,SUBRECETA,SI,AL_ENSAMBLAR,
MCK-LIM-270,Momo Cake Limón,BASE-CHEESECAKE-NEUTRO,Cheesecake neutro,0.06,kg,0.06,SUBRECETA,SI,AL_ENSAMBLAR,En sabores frutales reemplaza la ganache para evitar exceso de chocolate.
MCK-LIM-270,Momo Cake Limón,BASE-SALSA-LIMON,Salsa/cobertura Limón,0.02,kg,0.02,SUBRECETA,SI,AL_ENSAMBLAR,
MCK-LIM-270,Momo Cake Limón,TOP-RALLADURA-LIMON,Topping Limón,0.01,kg,0.01,INSUMO_O_SUBRECETA,SI,AL_ENSAMBLAR,
MCK-LIM-270,Momo Cake Limón,FIG-HOR-LIM,Figurita horizontal Limón,1,und,0,SEMITERMINADO,SI,AL_ENSAMBLAR,Peso pendiente de validar; se consume por unidad.
MCK-BAN-270,Momo Cake Banano,BASE-CROCANTE-SALTIN,Base crocante,0.04,kg,0.04,SUBRECETA,SI,AL_ENSAMBLAR,
MCK-BAN-270,Momo Cake Banano,BASE-MOUSSE-BANANO,Mousse Banano,0.14,kg,0.14,SUBRECETA,SI,AL_ENSAMBLAR,
MCK-BAN-270,Momo Cake Banano,BASE-CHEESECAKE-NEUTRO,Cheesecake neutro,0.06,kg,0.06,SUBRECETA,SI,AL_ENSAMBLAR,En sabores frutales reemplaza la ganache para evitar exceso de chocolate.
MCK-BAN-270,Momo Cake Banano,BASE-SALSA-BANANO,Salsa/cobertura Banano,0.02,kg,0.02,SUBRECETA,SI,AL_ENSAMBLAR,
MCK-BAN-270,Momo Cake Banano,TOP-BANANO,Topping Banano,0.01,kg,0.01,INSUMO_O_SUBRECETA,SI,AL_ENSAMBLAR,
MCK-BAN-270,Momo Cake Banano,FIG-HOR-BAN,Figurita horizontal Banano,1,und,0,SEMITERMINADO,SI,AL_ENSAMBLAR,Peso pendiente de validar; se consume por unidad.
MCK-DUR-270,Momo Cake Durazno,BASE-CROCANTE-NEUTRO,Base crocante,0.04,kg,0.04,SUBRECETA,SI,AL_ENSAMBLAR,
MCK-DUR-270,Momo Cake Durazno,BASE-MOUSSE-DURAZNO,Mousse Durazno,0.14,kg,0.14,SUBRECETA,SI,AL_ENSAMBLAR,
MCK-DUR-270,Momo Cake Durazno,BASE-CHEESECAKE-NEUTRO,Cheesecake neutro,0.06,kg,0.06,SUBRECETA,SI,AL_ENSAMBLAR,En sabores frutales reemplaza la ganache para evitar exceso de chocolate.
MCK-DUR-270,Momo Cake Durazno,BASE-SALSA-DURAZNO,Salsa/cobertura Durazno,0.02,kg,0.02,SUBRECETA,SI,AL_ENSAMBLAR,
MCK-DUR-270,Momo Cake Durazno,TOP-DURAZNO,Topping Durazno,0.01,kg,0.01,INSUMO_O_SUBRECETA,SI,AL_ENSAMBLAR,
MCK-DUR-270,Momo Cake Durazno,FIG-HOR-DUR,Figurita horizontal Durazno,1,und,0,SEMITERMINADO,SI,AL_ENSAMBLAR,Peso pendiente de validar; se consume por unidad.
MCK-MNM-270,Momo Cake M&M,BASE-CROCANTE-CHOCOLATE,Base crocante,0.04,kg,0.04,SUBRECETA,SI,AL_ENSAMBLAR,
MCK-MNM-270,Momo Cake M&M,BASE-MOUSSE-MNM,Mousse M&M,0.14,kg,0.14,SUBRECETA,SI,AL_ENSAMBLAR,
MCK-MNM-270,Momo Cake M&M,BASE-CHEESECAKE-NEUTRO,Cheesecake neutro,0.035,kg,0.035,SUBRECETA,SI,AL_ENSAMBLAR,
MCK-MNM-270,Momo Cake M&M,BASE-GANACHE-CHOCOLATE,Ganache de chocolate,0.025,kg,0.025,SUBRECETA,SI,AL_ENSAMBLAR,
MCK-MNM-270,Momo Cake M&M,BASE-SALSA-CHOCOLATE,Salsa/cobertura M&M,0.02,kg,0.02,SUBRECETA,SI,AL_ENSAMBLAR,
MCK-MNM-270,Momo Cake M&M,TOP-MNM,Topping M&M,0.01,kg,0.01,INSUMO_O_SUBRECETA,SI,AL_ENSAMBLAR,
MCK-MNM-270,Momo Cake M&M,FIG-HOR-MNM,Figurita horizontal M&M,1,und,0,SEMITERMINADO,SI,AL_ENSAMBLAR,Peso pendiente de validar; se consume por unidad.
MCK-ORE-270,Momo Cake Oreo,BASE-CROCANTE-OREO,Base crocante,0.04,kg,0.04,SUBRECETA,SI,AL_ENSAMBLAR,
MCK-ORE-270,Momo Cake Oreo,BASE-MOUSSE-OREO,Mousse Oreo,0.14,kg,0.14,SUBRECETA,SI,AL_ENSAMBLAR,
MCK-ORE-270,Momo Cake Oreo,BASE-CHEESECAKE-NEUTRO,Cheesecake neutro,0.035,kg,0.035,SUBRECETA,SI,AL_ENSAMBLAR,
MCK-ORE-270,Momo Cake Oreo,BASE-GANACHE-CHOCOLATE,Ganache de chocolate,0.025,kg,0.025,SUBRECETA,SI,AL_ENSAMBLAR,
MCK-ORE-270,Momo Cake Oreo,BASE-SALSA-CHOCOLATE,Salsa/cobertura Oreo,0.02,kg,0.02,SUBRECETA,SI,AL_ENSAMBLAR,
MCK-ORE-270,Momo Cake Oreo,TOP-OREO-TRITURADA,Topping Oreo,0.01,kg,0.01,INSUMO_O_SUBRECETA,SI,AL_ENSAMBLAR,
MCK-ORE-270,Momo Cake Oreo,FIG-HOR-ORE,Figurita horizontal Oreo,1,und,0,SEMITERMINADO,SI,AL_ENSAMBLAR,Peso pendiente de validar; se consume por unidad.
MCK-CSL-270,Momo Cake Caramelo salado,BASE-CROCANTE-SALTIN,Base crocante,0.04,kg,0.04,SUBRECETA,SI,AL_ENSAMBLAR,
MCK-CSL-270,Momo Cake Caramelo salado,BASE-MOUSSE-CARAMELO-SALADO,Mousse Caramelo salado,0.14,kg,0.14,SUBRECETA,SI,AL_ENSAMBLAR,
MCK-CSL-270,Momo Cake Caramelo salado,BASE-CHEESECAKE-NEUTRO,Cheesecake neutro,0.035,kg,0.035,SUBRECETA,SI,AL_ENSAMBLAR,
MCK-CSL-270,Momo Cake Caramelo salado,BASE-GANACHE-CHOCOLATE,Ganache de chocolate,0.025,kg,0.025,SUBRECETA,SI,AL_ENSAMBLAR,
MCK-CSL-270,Momo Cake Caramelo salado,BASE-CARAMELO-SALADO,Salsa/cobertura Caramelo salado,0.02,kg,0.02,SUBRECETA,SI,AL_ENSAMBLAR,
MCK-CSL-270,Momo Cake Caramelo salado,TOP-CROCANTE-CARAMELO,Topping Caramelo salado,0.01,kg,0.01,INSUMO_O_SUBRECETA,SI,AL_ENSAMBLAR,
MCK-CSL-270,Momo Cake Caramelo salado,FIG-HOR-CSL,Figurita horizontal Caramelo salado,1,und,0,SEMITERMINADO,SI,AL_ENSAMBLAR,Peso pendiente de validar; se consume por unidad.
MCK-NUT-270,Momo Cake Nutella,BASE-CROCANTE-CHOCOLATE,Base crocante,0.04,kg,0.04,SUBRECETA,SI,AL_ENSAMBLAR,
MCK-NUT-270,Momo Cake Nutella,BASE-MOUSSE-NUTELLA,Mousse Nutella,0.14,kg,0.14,SUBRECETA,SI,AL_ENSAMBLAR,
MCK-NUT-270,Momo Cake Nutella,BASE-CHEESECAKE-NEUTRO,Cheesecake neutro,0.035,kg,0.035,SUBRECETA,SI,AL_ENSAMBLAR,
MCK-NUT-270,Momo Cake Nutella,BASE-GANACHE-CHOCOLATE,Ganache de chocolate,0.025,kg,0.025,SUBRECETA,SI,AL_ENSAMBLAR,
MCK-NUT-270,Momo Cake Nutella,BASE-SALSA-NUTELLA,Salsa/cobertura Nutella,0.02,kg,0.02,SUBRECETA,SI,AL_ENSAMBLAR,
MCK-NUT-270,Momo Cake Nutella,TOP-AVELLANA,Topping Nutella,0.01,kg,0.01,INSUMO_O_SUBRECETA,SI,AL_ENSAMBLAR,
MCK-NUT-270,Momo Cake Nutella,FIG-HOR-NUT,Figurita horizontal Nutella,1,und,0,SEMITERMINADO,SI,AL_ENSAMBLAR,Peso pendiente de validar; se consume por unidad.
MCK-MIL-270,Momo Cake Milo,BASE-CROCANTE-CHOCOLATE,Base crocante,0.04,kg,0.04,SUBRECETA,SI,AL_ENSAMBLAR,
MCK-MIL-270,Momo Cake Milo,BASE-MOUSSE-MILO,Mousse Milo,0.14,kg,0.14,SUBRECETA,SI,AL_ENSAMBLAR,
MCK-MIL-270,Momo Cake Milo,BASE-CHEESECAKE-NEUTRO,Cheesecake neutro,0.035,kg,0.035,SUBRECETA,SI,AL_ENSAMBLAR,
MCK-MIL-270,Momo Cake Milo,BASE-GANACHE-CHOCOLATE,Ganache de chocolate,0.025,kg,0.025,SUBRECETA,SI,AL_ENSAMBLAR,
MCK-MIL-270,Momo Cake Milo,BASE-SALSA-CHOCOLATE,Salsa/cobertura Milo,0.02,kg,0.02,SUBRECETA,SI,AL_ENSAMBLAR,
MCK-MIL-270,Momo Cake Milo,TOP-MILO,Topping Milo,0.01,kg,0.01,INSUMO_O_SUBRECETA,SI,AL_ENSAMBLAR,
MCK-MIL-270,Momo Cake Milo,FIG-HOR-MIL,Figurita horizontal Milo,1,und,0,SEMITERMINADO,SI,AL_ENSAMBLAR,Peso pendiente de validar; se consume por unidad.
CHK-MBI-270,Cheesecake Mango biche,BASE-CROCANTE-NEUTRO,Base crocante,0.045,kg,0.045,SUBRECETA,SI,AL_ENSAMBLAR,
CHK-MBI-270,Cheesecake Mango biche,BASE-CHEESECAKE-NEUTRO,Cheesecake neutro,0.165,kg,0.165,SUBRECETA,SI,AL_ENSAMBLAR,
CHK-MBI-270,Cheesecake Mango biche,BASE-INCLUSION-MANGO-BICHE,Inclusión Mango biche,0.03,kg,0.03,INSUMO_O_SUBRECETA,SI,AL_ENSAMBLAR,
CHK-MBI-270,Cheesecake Mango biche,BASE-SALSA-MANGO-BICHE,Salsa Mango biche,0.02,kg,0.02,SUBRECETA,SI,AL_ENSAMBLAR,
CHK-MBI-270,Cheesecake Mango biche,TOP-MANGO-BICHE,Topping Mango biche,0.01,kg,0.01,INSUMO_O_SUBRECETA,SI,AL_ENSAMBLAR,
CHK-MBI-270,Cheesecake Mango biche,FIG-HOR-MBI,Figurita horizontal Mango biche,1,und,0,SEMITERMINADO,SI,AL_ENSAMBLAR,Peso pendiente de validar; se consume por unidad.
CHK-COC-270,Cheesecake Coco,BASE-CROCANTE-NEUTRO,Base crocante,0.045,kg,0.045,SUBRECETA,SI,AL_ENSAMBLAR,
CHK-COC-270,Cheesecake Coco,BASE-CHEESECAKE-NEUTRO,Cheesecake neutro,0.165,kg,0.165,SUBRECETA,SI,AL_ENSAMBLAR,
CHK-COC-270,Cheesecake Coco,INS-COCO-RALLADO,Inclusión Coco,0.03,kg,0.03,INSUMO_O_SUBRECETA,SI,AL_ENSAMBLAR,
CHK-COC-270,Cheesecake Coco,BASE-SALSA-LECHE-CONDENSADA,Salsa Coco,0.02,kg,0.02,SUBRECETA,SI,AL_ENSAMBLAR,
CHK-COC-270,Cheesecake Coco,TOP-COCO-RALLADO,Topping Coco,0.01,kg,0.01,INSUMO_O_SUBRECETA,SI,AL_ENSAMBLAR,
CHK-COC-270,Cheesecake Coco,FIG-HOR-COC,Figurita horizontal Coco,1,und,0,SEMITERMINADO,SI,AL_ENSAMBLAR,Peso pendiente de validar; se consume por unidad.
CHK-MAR-270,Cheesecake Maracuyá,BASE-CROCANTE-NEUTRO,Base crocante,0.045,kg,0.045,SUBRECETA,SI,AL_ENSAMBLAR,
CHK-MAR-270,Cheesecake Maracuyá,BASE-CHEESECAKE-NEUTRO,Cheesecake neutro,0.165,kg,0.165,SUBRECETA,SI,AL_ENSAMBLAR,
CHK-MAR-270,Cheesecake Maracuyá,BASE-INCLUSION-MARACUYA,Inclusión Maracuyá,0.03,kg,0.03,INSUMO_O_SUBRECETA,SI,AL_ENSAMBLAR,
CHK-MAR-270,Cheesecake Maracuyá,BASE-SALSA-MARACUYA,Salsa Maracuyá,0.02,kg,0.02,SUBRECETA,SI,AL_ENSAMBLAR,
CHK-MAR-270,Cheesecake Maracuyá,TOP-MARACUYA,Topping Maracuyá,0.01,kg,0.01,INSUMO_O_SUBRECETA,SI,AL_ENSAMBLAR,
CHK-MAR-270,Cheesecake Maracuyá,FIG-HOR-MAR,Figurita horizontal Maracuyá,1,und,0,SEMITERMINADO,SI,AL_ENSAMBLAR,Peso pendiente de validar; se consume por unidad.
CHK-LIM-270,Cheesecake Limón,BASE-CROCANTE-NEUTRO,Base crocante,0.045,kg,0.045,SUBRECETA,SI,AL_ENSAMBLAR,
CHK-LIM-270,Cheesecake Limón,BASE-CHEESECAKE-NEUTRO,Cheesecake neutro,0.165,kg,0.165,SUBRECETA,SI,AL_ENSAMBLAR,
CHK-LIM-270,Cheesecake Limón,BASE-INCLUSION-LIMON,Inclusión Limón,0.03,kg,0.03,INSUMO_O_SUBRECETA,SI,AL_ENSAMBLAR,
CHK-LIM-270,Cheesecake Limón,BASE-SALSA-LIMON,Salsa Limón,0.02,kg,0.02,SUBRECETA,SI,AL_ENSAMBLAR,
CHK-LIM-270,Cheesecake Limón,TOP-RALLADURA-LIMON,Topping Limón,0.01,kg,0.01,INSUMO_O_SUBRECETA,SI,AL_ENSAMBLAR,
CHK-LIM-270,Cheesecake Limón,FIG-HOR-LIM,Figurita horizontal Limón,1,und,0,SEMITERMINADO,SI,AL_ENSAMBLAR,Peso pendiente de validar; se consume por unidad.
CHK-BAN-270,Cheesecake Banano,BASE-CROCANTE-SALTIN,Base crocante,0.045,kg,0.045,SUBRECETA,SI,AL_ENSAMBLAR,
CHK-BAN-270,Cheesecake Banano,BASE-CHEESECAKE-NEUTRO,Cheesecake neutro,0.165,kg,0.165,SUBRECETA,SI,AL_ENSAMBLAR,
CHK-BAN-270,Cheesecake Banano,BASE-INCLUSION-BANANO,Inclusión Banano,0.03,kg,0.03,INSUMO_O_SUBRECETA,SI,AL_ENSAMBLAR,
CHK-BAN-270,Cheesecake Banano,BASE-SALSA-BANANO,Salsa Banano,0.02,kg,0.02,SUBRECETA,SI,AL_ENSAMBLAR,
CHK-BAN-270,Cheesecake Banano,TOP-BANANO,Topping Banano,0.01,kg,0.01,INSUMO_O_SUBRECETA,SI,AL_ENSAMBLAR,
CHK-BAN-270,Cheesecake Banano,FIG-HOR-BAN,Figurita horizontal Banano,1,und,0,SEMITERMINADO,SI,AL_ENSAMBLAR,Peso pendiente de validar; se consume por unidad.
CHK-DUR-270,Cheesecake Durazno,BASE-CROCANTE-NEUTRO,Base crocante,0.045,kg,0.045,SUBRECETA,SI,AL_ENSAMBLAR,
CHK-DUR-270,Cheesecake Durazno,BASE-CHEESECAKE-NEUTRO,Cheesecake neutro,0.165,kg,0.165,SUBRECETA,SI,AL_ENSAMBLAR,
CHK-DUR-270,Cheesecake Durazno,BASE-INCLUSION-DURAZNO,Inclusión Durazno,0.03,kg,0.03,INSUMO_O_SUBRECETA,SI,AL_ENSAMBLAR,
CHK-DUR-270,Cheesecake Durazno,BASE-SALSA-DURAZNO,Salsa Durazno,0.02,kg,0.02,SUBRECETA,SI,AL_ENSAMBLAR,
CHK-DUR-270,Cheesecake Durazno,TOP-DURAZNO,Topping Durazno,0.01,kg,0.01,INSUMO_O_SUBRECETA,SI,AL_ENSAMBLAR,
CHK-DUR-270,Cheesecake Durazno,FIG-HOR-DUR,Figurita horizontal Durazno,1,und,0,SEMITERMINADO,SI,AL_ENSAMBLAR,Peso pendiente de validar; se consume por unidad.
CHK-MNM-270,Cheesecake M&M,BASE-CROCANTE-CHOCOLATE,Base crocante,0.045,kg,0.045,SUBRECETA,SI,AL_ENSAMBLAR,
CHK-MNM-270,Cheesecake M&M,BASE-CHEESECAKE-NEUTRO,Cheesecake neutro,0.165,kg,0.165,SUBRECETA,SI,AL_ENSAMBLAR,
CHK-MNM-270,Cheesecake M&M,INS-MNM,Inclusión M&M,0.03,kg,0.03,INSUMO_O_SUBRECETA,SI,AL_ENSAMBLAR,
CHK-MNM-270,Cheesecake M&M,BASE-SALSA-CHOCOLATE,Salsa M&M,0.02,kg,0.02,SUBRECETA,SI,AL_ENSAMBLAR,
CHK-MNM-270,Cheesecake M&M,TOP-MNM,Topping M&M,0.01,kg,0.01,INSUMO_O_SUBRECETA,SI,AL_ENSAMBLAR,
CHK-MNM-270,Cheesecake M&M,FIG-HOR-MNM,Figurita horizontal M&M,1,und,0,SEMITERMINADO,SI,AL_ENSAMBLAR,Peso pendiente de validar; se consume por unidad.
CHK-ORE-270,Cheesecake Oreo,BASE-CROCANTE-OREO,Base crocante,0.045,kg,0.045,SUBRECETA,SI,AL_ENSAMBLAR,
CHK-ORE-270,Cheesecake Oreo,BASE-CHEESECAKE-NEUTRO,Cheesecake neutro,0.165,kg,0.165,SUBRECETA,SI,AL_ENSAMBLAR,
CHK-ORE-270,Cheesecake Oreo,INS-OREO-TRITURADA,Inclusión Oreo,0.03,kg,0.03,INSUMO_O_SUBRECETA,SI,AL_ENSAMBLAR,
CHK-ORE-270,Cheesecake Oreo,BASE-SALSA-CHOCOLATE,Salsa Oreo,0.02,kg,0.02,SUBRECETA,SI,AL_ENSAMBLAR,
CHK-ORE-270,Cheesecake Oreo,TOP-OREO-TRITURADA,Topping Oreo,0.01,kg,0.01,INSUMO_O_SUBRECETA,SI,AL_ENSAMBLAR,
CHK-ORE-270,Cheesecake Oreo,FIG-HOR-ORE,Figurita horizontal Oreo,1,und,0,SEMITERMINADO,SI,AL_ENSAMBLAR,Peso pendiente de validar; se consume por unidad.
CHK-CSL-270,Cheesecake Caramelo salado,BASE-CROCANTE-SALTIN,Base crocante,0.045,kg,0.045,SUBRECETA,SI,AL_ENSAMBLAR,
CHK-CSL-270,Cheesecake Caramelo salado,BASE-CHEESECAKE-NEUTRO,Cheesecake neutro,0.165,kg,0.165,SUBRECETA,SI,AL_ENSAMBLAR,
CHK-CSL-270,Cheesecake Caramelo salado,BASE-CARAMELO-SALADO,Inclusión Caramelo salado,0.03,kg,0.03,INSUMO_O_SUBRECETA,SI,AL_ENSAMBLAR,
CHK-CSL-270,Cheesecake Caramelo salado,BASE-CARAMELO-SALADO,Salsa Caramelo salado,0.02,kg,0.02,SUBRECETA,SI,AL_ENSAMBLAR,
CHK-CSL-270,Cheesecake Caramelo salado,TOP-CROCANTE-CARAMELO,Topping Caramelo salado,0.01,kg,0.01,INSUMO_O_SUBRECETA,SI,AL_ENSAMBLAR,
CHK-CSL-270,Cheesecake Caramelo salado,FIG-HOR-CSL,Figurita horizontal Caramelo salado,1,und,0,SEMITERMINADO,SI,AL_ENSAMBLAR,Peso pendiente de validar; se consume por unidad.
CHK-NUT-270,Cheesecake Nutella,BASE-CROCANTE-CHOCOLATE,Base crocante,0.045,kg,0.045,SUBRECETA,SI,AL_ENSAMBLAR,
CHK-NUT-270,Cheesecake Nutella,BASE-CHEESECAKE-NEUTRO,Cheesecake neutro,0.165,kg,0.165,SUBRECETA,SI,AL_ENSAMBLAR,
CHK-NUT-270,Cheesecake Nutella,INS-NUTELLA,Inclusión Nutella,0.03,kg,0.03,INSUMO_O_SUBRECETA,SI,AL_ENSAMBLAR,
CHK-NUT-270,Cheesecake Nutella,BASE-SALSA-NUTELLA,Salsa Nutella,0.02,kg,0.02,SUBRECETA,SI,AL_ENSAMBLAR,
CHK-NUT-270,Cheesecake Nutella,TOP-AVELLANA,Topping Nutella,0.01,kg,0.01,INSUMO_O_SUBRECETA,SI,AL_ENSAMBLAR,
CHK-NUT-270,Cheesecake Nutella,FIG-HOR-NUT,Figurita horizontal Nutella,1,und,0,SEMITERMINADO,SI,AL_ENSAMBLAR,Peso pendiente de validar; se consume por unidad.
CHK-MIL-270,Cheesecake Milo,BASE-CROCANTE-CHOCOLATE,Base crocante,0.045,kg,0.045,SUBRECETA,SI,AL_ENSAMBLAR,
CHK-MIL-270,Cheesecake Milo,BASE-CHEESECAKE-NEUTRO,Cheesecake neutro,0.165,kg,0.165,SUBRECETA,SI,AL_ENSAMBLAR,
CHK-MIL-270,Cheesecake Milo,INS-MILO,Inclusión Milo,0.03,kg,0.03,INSUMO_O_SUBRECETA,SI,AL_ENSAMBLAR,
CHK-MIL-270,Cheesecake Milo,BASE-SALSA-CHOCOLATE,Salsa Milo,0.02,kg,0.02,SUBRECETA,SI,AL_ENSAMBLAR,
CHK-MIL-270,Cheesecake Milo,TOP-MILO,Topping Milo,0.01,kg,0.01,INSUMO_O_SUBRECETA,SI,AL_ENSAMBLAR,
CHK-MIL-270,Cheesecake Milo,FIG-HOR-MIL,Figurita horizontal Milo,1,und,0,SEMITERMINADO,SI,AL_ENSAMBLAR,Peso pendiente de validar; se consume por unidad.
PAV-MBI-270,Pavé MOMOS Mango biche,BASE-CHEESECAKE-NEUTRO,Crema cheesecake / crema de pavé,0.12,kg,0.12,SUBRECETA,SI,AL_ENSAMBLAR,
PAV-MBI-270,Pavé MOMOS Mango biche,BASE-MOUSSE-MANGO-BICHE,Mousse Mango biche,0.075,kg,0.075,SUBRECETA,SI,AL_ENSAMBLAR,
PAV-MBI-270,Pavé MOMOS Mango biche,INS-GALLETA-SALTIN,Galleta Saltín,0.04,kg,0.04,INSUMO,SI,AL_ENSAMBLAR,
PAV-MBI-270,Pavé MOMOS Mango biche,BASE-SALSA-MANGO-BICHE,Salsa/ganache Mango biche,0.025,kg,0.025,SUBRECETA,SI,AL_ENSAMBLAR,
PAV-MBI-270,Pavé MOMOS Mango biche,TOP-MANGO-BICHE,Topping Mango biche,0.01,kg,0.01,INSUMO_O_SUBRECETA,SI,AL_ENSAMBLAR,
PAV-MBI-270,Pavé MOMOS Mango biche,FIG-HOR-MBI,Figurita horizontal Mango biche,1,und,0,SEMITERMINADO,SI,AL_ENSAMBLAR,Peso pendiente de validar; se consume por unidad.
PAV-COC-270,Pavé MOMOS Coco,BASE-CHEESECAKE-NEUTRO,Crema cheesecake / crema de pavé,0.12,kg,0.12,SUBRECETA,SI,AL_ENSAMBLAR,
PAV-COC-270,Pavé MOMOS Coco,BASE-MOUSSE-COCO,Mousse Coco,0.075,kg,0.075,SUBRECETA,SI,AL_ENSAMBLAR,
PAV-COC-270,Pavé MOMOS Coco,INS-GALLETA-SALTIN,Galleta Saltín,0.04,kg,0.04,INSUMO,SI,AL_ENSAMBLAR,
PAV-COC-270,Pavé MOMOS Coco,BASE-SALSA-LECHE-CONDENSADA,Salsa/ganache Coco,0.025,kg,0.025,SUBRECETA,SI,AL_ENSAMBLAR,
PAV-COC-270,Pavé MOMOS Coco,TOP-COCO-RALLADO,Topping Coco,0.01,kg,0.01,INSUMO_O_SUBRECETA,SI,AL_ENSAMBLAR,
PAV-COC-270,Pavé MOMOS Coco,FIG-HOR-COC,Figurita horizontal Coco,1,und,0,SEMITERMINADO,SI,AL_ENSAMBLAR,Peso pendiente de validar; se consume por unidad.
PAV-MAR-270,Pavé MOMOS Maracuyá,BASE-CHEESECAKE-NEUTRO,Crema cheesecake / crema de pavé,0.12,kg,0.12,SUBRECETA,SI,AL_ENSAMBLAR,
PAV-MAR-270,Pavé MOMOS Maracuyá,BASE-MOUSSE-MARACUYA,Mousse Maracuyá,0.075,kg,0.075,SUBRECETA,SI,AL_ENSAMBLAR,
PAV-MAR-270,Pavé MOMOS Maracuyá,INS-GALLETA-SALTIN,Galleta Saltín,0.04,kg,0.04,INSUMO,SI,AL_ENSAMBLAR,
PAV-MAR-270,Pavé MOMOS Maracuyá,BASE-SALSA-MARACUYA,Salsa/ganache Maracuyá,0.025,kg,0.025,SUBRECETA,SI,AL_ENSAMBLAR,
PAV-MAR-270,Pavé MOMOS Maracuyá,TOP-MARACUYA,Topping Maracuyá,0.01,kg,0.01,INSUMO_O_SUBRECETA,SI,AL_ENSAMBLAR,
PAV-MAR-270,Pavé MOMOS Maracuyá,FIG-HOR-MAR,Figurita horizontal Maracuyá,1,und,0,SEMITERMINADO,SI,AL_ENSAMBLAR,Peso pendiente de validar; se consume por unidad.
PAV-LIM-270,Pavé MOMOS Limón,BASE-CHEESECAKE-NEUTRO,Crema cheesecake / crema de pavé,0.12,kg,0.12,SUBRECETA,SI,AL_ENSAMBLAR,
PAV-LIM-270,Pavé MOMOS Limón,BASE-MOUSSE-LIMON,Mousse Limón,0.075,kg,0.075,SUBRECETA,SI,AL_ENSAMBLAR,
PAV-LIM-270,Pavé MOMOS Limón,INS-GALLETA-SALTIN,Galleta Saltín,0.04,kg,0.04,INSUMO,SI,AL_ENSAMBLAR,
PAV-LIM-270,Pavé MOMOS Limón,BASE-SALSA-LIMON,Salsa/ganache Limón,0.025,kg,0.025,SUBRECETA,SI,AL_ENSAMBLAR,
PAV-LIM-270,Pavé MOMOS Limón,TOP-RALLADURA-LIMON,Topping Limón,0.01,kg,0.01,INSUMO_O_SUBRECETA,SI,AL_ENSAMBLAR,
PAV-LIM-270,Pavé MOMOS Limón,FIG-HOR-LIM,Figurita horizontal Limón,1,und,0,SEMITERMINADO,SI,AL_ENSAMBLAR,Peso pendiente de validar; se consume por unidad.
PAV-BAN-270,Pavé MOMOS Banano,BASE-CHEESECAKE-NEUTRO,Crema cheesecake / crema de pavé,0.12,kg,0.12,SUBRECETA,SI,AL_ENSAMBLAR,
PAV-BAN-270,Pavé MOMOS Banano,BASE-MOUSSE-BANANO,Mousse Banano,0.075,kg,0.075,SUBRECETA,SI,AL_ENSAMBLAR,
PAV-BAN-270,Pavé MOMOS Banano,INS-GALLETA-SALTIN,Galleta Saltín,0.04,kg,0.04,INSUMO,SI,AL_ENSAMBLAR,
PAV-BAN-270,Pavé MOMOS Banano,BASE-SALSA-BANANO,Salsa/ganache Banano,0.025,kg,0.025,SUBRECETA,SI,AL_ENSAMBLAR,
PAV-BAN-270,Pavé MOMOS Banano,TOP-BANANO,Topping Banano,0.01,kg,0.01,INSUMO_O_SUBRECETA,SI,AL_ENSAMBLAR,
PAV-BAN-270,Pavé MOMOS Banano,FIG-HOR-BAN,Figurita horizontal Banano,1,und,0,SEMITERMINADO,SI,AL_ENSAMBLAR,Peso pendiente de validar; se consume por unidad.
PAV-DUR-270,Pavé MOMOS Durazno,BASE-CHEESECAKE-NEUTRO,Crema cheesecake / crema de pavé,0.12,kg,0.12,SUBRECETA,SI,AL_ENSAMBLAR,
PAV-DUR-270,Pavé MOMOS Durazno,BASE-MOUSSE-DURAZNO,Mousse Durazno,0.075,kg,0.075,SUBRECETA,SI,AL_ENSAMBLAR,
PAV-DUR-270,Pavé MOMOS Durazno,INS-GALLETA-SALTIN,Galleta Saltín,0.04,kg,0.04,INSUMO,SI,AL_ENSAMBLAR,
PAV-DUR-270,Pavé MOMOS Durazno,BASE-SALSA-DURAZNO,Salsa/ganache Durazno,0.025,kg,0.025,SUBRECETA,SI,AL_ENSAMBLAR,
PAV-DUR-270,Pavé MOMOS Durazno,TOP-DURAZNO,Topping Durazno,0.01,kg,0.01,INSUMO_O_SUBRECETA,SI,AL_ENSAMBLAR,
PAV-DUR-270,Pavé MOMOS Durazno,FIG-HOR-DUR,Figurita horizontal Durazno,1,und,0,SEMITERMINADO,SI,AL_ENSAMBLAR,Peso pendiente de validar; se consume por unidad.
PAV-MNM-270,Pavé MOMOS M&M,BASE-CHEESECAKE-NEUTRO,Crema cheesecake / crema de pavé,0.12,kg,0.12,SUBRECETA,SI,AL_ENSAMBLAR,
PAV-MNM-270,Pavé MOMOS M&M,BASE-MOUSSE-MNM,Mousse M&M,0.075,kg,0.075,SUBRECETA,SI,AL_ENSAMBLAR,
PAV-MNM-270,Pavé MOMOS M&M,INS-GALLETA-SALTIN,Galleta Saltín,0.04,kg,0.04,INSUMO,SI,AL_ENSAMBLAR,
PAV-MNM-270,Pavé MOMOS M&M,BASE-SALSA-CHOCOLATE,Salsa/ganache M&M,0.025,kg,0.025,SUBRECETA,SI,AL_ENSAMBLAR,
PAV-MNM-270,Pavé MOMOS M&M,TOP-MNM,Topping M&M,0.01,kg,0.01,INSUMO_O_SUBRECETA,SI,AL_ENSAMBLAR,
PAV-MNM-270,Pavé MOMOS M&M,FIG-HOR-MNM,Figurita horizontal M&M,1,und,0,SEMITERMINADO,SI,AL_ENSAMBLAR,Peso pendiente de validar; se consume por unidad.
PAV-ORE-270,Pavé MOMOS Oreo,BASE-CHEESECAKE-NEUTRO,Crema cheesecake / crema de pavé,0.12,kg,0.12,SUBRECETA,SI,AL_ENSAMBLAR,
PAV-ORE-270,Pavé MOMOS Oreo,BASE-MOUSSE-OREO,Mousse Oreo,0.075,kg,0.075,SUBRECETA,SI,AL_ENSAMBLAR,
PAV-ORE-270,Pavé MOMOS Oreo,INS-GALLETA-SALTIN,Galleta Saltín,0.04,kg,0.04,INSUMO,SI,AL_ENSAMBLAR,
PAV-ORE-270,Pavé MOMOS Oreo,BASE-SALSA-CHOCOLATE,Salsa/ganache Oreo,0.025,kg,0.025,SUBRECETA,SI,AL_ENSAMBLAR,
PAV-ORE-270,Pavé MOMOS Oreo,TOP-OREO-TRITURADA,Topping Oreo,0.01,kg,0.01,INSUMO_O_SUBRECETA,SI,AL_ENSAMBLAR,
PAV-ORE-270,Pavé MOMOS Oreo,FIG-HOR-ORE,Figurita horizontal Oreo,1,und,0,SEMITERMINADO,SI,AL_ENSAMBLAR,Peso pendiente de validar; se consume por unidad.
PAV-CSL-270,Pavé MOMOS Caramelo salado,BASE-CHEESECAKE-NEUTRO,Crema cheesecake / crema de pavé,0.12,kg,0.12,SUBRECETA,SI,AL_ENSAMBLAR,
PAV-CSL-270,Pavé MOMOS Caramelo salado,BASE-MOUSSE-CARAMELO-SALADO,Mousse Caramelo salado,0.075,kg,0.075,SUBRECETA,SI,AL_ENSAMBLAR,
PAV-CSL-270,Pavé MOMOS Caramelo salado,INS-GALLETA-SALTIN,Galleta Saltín,0.04,kg,0.04,INSUMO,SI,AL_ENSAMBLAR,
PAV-CSL-270,Pavé MOMOS Caramelo salado,BASE-CARAMELO-SALADO,Salsa/ganache Caramelo salado,0.025,kg,0.025,SUBRECETA,SI,AL_ENSAMBLAR,
PAV-CSL-270,Pavé MOMOS Caramelo salado,TOP-CROCANTE-CARAMELO,Topping Caramelo salado,0.01,kg,0.01,INSUMO_O_SUBRECETA,SI,AL_ENSAMBLAR,
PAV-CSL-270,Pavé MOMOS Caramelo salado,FIG-HOR-CSL,Figurita horizontal Caramelo salado,1,und,0,SEMITERMINADO,SI,AL_ENSAMBLAR,Peso pendiente de validar; se consume por unidad.
PAV-NUT-270,Pavé MOMOS Nutella,BASE-CHEESECAKE-NEUTRO,Crema cheesecake / crema de pavé,0.12,kg,0.12,SUBRECETA,SI,AL_ENSAMBLAR,
PAV-NUT-270,Pavé MOMOS Nutella,BASE-MOUSSE-NUTELLA,Mousse Nutella,0.075,kg,0.075,SUBRECETA,SI,AL_ENSAMBLAR,
PAV-NUT-270,Pavé MOMOS Nutella,INS-GALLETA-SALTIN,Galleta Saltín,0.04,kg,0.04,INSUMO,SI,AL_ENSAMBLAR,
PAV-NUT-270,Pavé MOMOS Nutella,BASE-SALSA-NUTELLA,Salsa/ganache Nutella,0.025,kg,0.025,SUBRECETA,SI,AL_ENSAMBLAR,
PAV-NUT-270,Pavé MOMOS Nutella,TOP-AVELLANA,Topping Nutella,0.01,kg,0.01,INSUMO_O_SUBRECETA,SI,AL_ENSAMBLAR,
PAV-NUT-270,Pavé MOMOS Nutella,FIG-HOR-NUT,Figurita horizontal Nutella,1,und,0,SEMITERMINADO,SI,AL_ENSAMBLAR,Peso pendiente de validar; se consume por unidad.
PAV-MIL-270,Pavé MOMOS Milo,BASE-CHEESECAKE-NEUTRO,Crema cheesecake / crema de pavé,0.12,kg,0.12,SUBRECETA,SI,AL_ENSAMBLAR,
PAV-MIL-270,Pavé MOMOS Milo,BASE-MOUSSE-MILO,Mousse Milo,0.075,kg,0.075,SUBRECETA,SI,AL_ENSAMBLAR,
PAV-MIL-270,Pavé MOMOS Milo,INS-GALLETA-SALTIN,Galleta Saltín,0.04,kg,0.04,INSUMO,SI,AL_ENSAMBLAR,
PAV-MIL-270,Pavé MOMOS Milo,BASE-SALSA-CHOCOLATE,Salsa/ganache Milo,0.025,kg,0.025,SUBRECETA,SI,AL_ENSAMBLAR,
PAV-MIL-270,Pavé MOMOS Milo,TOP-MILO,Topping Milo,0.01,kg,0.01,INSUMO_O_SUBRECETA,SI,AL_ENSAMBLAR,
PAV-MIL-270,Pavé MOMOS Milo,FIG-HOR-MIL,Figurita horizontal Milo,1,und,0,SEMITERMINADO,SI,AL_ENSAMBLAR,Peso pendiente de validar; se consume por unidad.
CUC-MBI-270,Cuchareable MOMOS Mango biche,BASE-MOUSSE-MANGO-BICHE,Mousse Mango biche,0.1,kg,0.1,SUBRECETA,SI,AL_ENSAMBLAR,
CUC-MBI-270,Cuchareable MOMOS Mango biche,BASE-CHEESECAKE-NEUTRO,Cheesecake neutro,0.05,kg,0.05,SUBRECETA,SI,AL_ENSAMBLAR,
CUC-MBI-270,Cuchareable MOMOS Mango biche,BASE-CROCANTE-NEUTRO,Crocante/galleta,0.055,kg,0.055,SUBRECETA,SI,AL_ENSAMBLAR,
CUC-MBI-270,Cuchareable MOMOS Mango biche,BASE-SALSA-MANGO-BICHE,Salsa Mango biche,0.035,kg,0.035,SUBRECETA,SI,AL_ENSAMBLAR,
CUC-MBI-270,Cuchareable MOMOS Mango biche,TOP-MANGO-BICHE,Topping Mango biche,0.03,kg,0.03,INSUMO_O_SUBRECETA,SI,AL_ENSAMBLAR,
CUC-MBI-270,Cuchareable MOMOS Mango biche,FIG-HOR-MBI,Figurita horizontal Mango biche,1,und,0,SEMITERMINADO,SI,AL_ENSAMBLAR,Peso pendiente de validar; se consume por unidad.
CUC-COC-270,Cuchareable MOMOS Coco,BASE-MOUSSE-COCO,Mousse Coco,0.1,kg,0.1,SUBRECETA,SI,AL_ENSAMBLAR,
CUC-COC-270,Cuchareable MOMOS Coco,BASE-CHEESECAKE-NEUTRO,Cheesecake neutro,0.05,kg,0.05,SUBRECETA,SI,AL_ENSAMBLAR,
CUC-COC-270,Cuchareable MOMOS Coco,BASE-CROCANTE-NEUTRO,Crocante/galleta,0.055,kg,0.055,SUBRECETA,SI,AL_ENSAMBLAR,
CUC-COC-270,Cuchareable MOMOS Coco,BASE-SALSA-LECHE-CONDENSADA,Salsa Coco,0.035,kg,0.035,SUBRECETA,SI,AL_ENSAMBLAR,
CUC-COC-270,Cuchareable MOMOS Coco,TOP-COCO-RALLADO,Topping Coco,0.03,kg,0.03,INSUMO_O_SUBRECETA,SI,AL_ENSAMBLAR,
CUC-COC-270,Cuchareable MOMOS Coco,FIG-HOR-COC,Figurita horizontal Coco,1,und,0,SEMITERMINADO,SI,AL_ENSAMBLAR,Peso pendiente de validar; se consume por unidad.
CUC-MAR-270,Cuchareable MOMOS Maracuyá,BASE-MOUSSE-MARACUYA,Mousse Maracuyá,0.1,kg,0.1,SUBRECETA,SI,AL_ENSAMBLAR,
CUC-MAR-270,Cuchareable MOMOS Maracuyá,BASE-CHEESECAKE-NEUTRO,Cheesecake neutro,0.05,kg,0.05,SUBRECETA,SI,AL_ENSAMBLAR,
CUC-MAR-270,Cuchareable MOMOS Maracuyá,BASE-CROCANTE-NEUTRO,Crocante/galleta,0.055,kg,0.055,SUBRECETA,SI,AL_ENSAMBLAR,
CUC-MAR-270,Cuchareable MOMOS Maracuyá,BASE-SALSA-MARACUYA,Salsa Maracuyá,0.035,kg,0.035,SUBRECETA,SI,AL_ENSAMBLAR,
CUC-MAR-270,Cuchareable MOMOS Maracuyá,TOP-MARACUYA,Topping Maracuyá,0.03,kg,0.03,INSUMO_O_SUBRECETA,SI,AL_ENSAMBLAR,
CUC-MAR-270,Cuchareable MOMOS Maracuyá,FIG-HOR-MAR,Figurita horizontal Maracuyá,1,und,0,SEMITERMINADO,SI,AL_ENSAMBLAR,Peso pendiente de validar; se consume por unidad.
CUC-LIM-270,Cuchareable MOMOS Limón,BASE-MOUSSE-LIMON,Mousse Limón,0.1,kg,0.1,SUBRECETA,SI,AL_ENSAMBLAR,
CUC-LIM-270,Cuchareable MOMOS Limón,BASE-CHEESECAKE-NEUTRO,Cheesecake neutro,0.05,kg,0.05,SUBRECETA,SI,AL_ENSAMBLAR,
CUC-LIM-270,Cuchareable MOMOS Limón,BASE-CROCANTE-NEUTRO,Crocante/galleta,0.055,kg,0.055,SUBRECETA,SI,AL_ENSAMBLAR,
CUC-LIM-270,Cuchareable MOMOS Limón,BASE-SALSA-LIMON,Salsa Limón,0.035,kg,0.035,SUBRECETA,SI,AL_ENSAMBLAR,
CUC-LIM-270,Cuchareable MOMOS Limón,TOP-RALLADURA-LIMON,Topping Limón,0.03,kg,0.03,INSUMO_O_SUBRECETA,SI,AL_ENSAMBLAR,
CUC-LIM-270,Cuchareable MOMOS Limón,FIG-HOR-LIM,Figurita horizontal Limón,1,und,0,SEMITERMINADO,SI,AL_ENSAMBLAR,Peso pendiente de validar; se consume por unidad.
CUC-BAN-270,Cuchareable MOMOS Banano,BASE-MOUSSE-BANANO,Mousse Banano,0.1,kg,0.1,SUBRECETA,SI,AL_ENSAMBLAR,
CUC-BAN-270,Cuchareable MOMOS Banano,BASE-CHEESECAKE-NEUTRO,Cheesecake neutro,0.05,kg,0.05,SUBRECETA,SI,AL_ENSAMBLAR,
CUC-BAN-270,Cuchareable MOMOS Banano,BASE-CROCANTE-SALTIN,Crocante/galleta,0.055,kg,0.055,SUBRECETA,SI,AL_ENSAMBLAR,
CUC-BAN-270,Cuchareable MOMOS Banano,BASE-SALSA-BANANO,Salsa Banano,0.035,kg,0.035,SUBRECETA,SI,AL_ENSAMBLAR,
CUC-BAN-270,Cuchareable MOMOS Banano,TOP-BANANO,Topping Banano,0.03,kg,0.03,INSUMO_O_SUBRECETA,SI,AL_ENSAMBLAR,
CUC-BAN-270,Cuchareable MOMOS Banano,FIG-HOR-BAN,Figurita horizontal Banano,1,und,0,SEMITERMINADO,SI,AL_ENSAMBLAR,Peso pendiente de validar; se consume por unidad.
CUC-DUR-270,Cuchareable MOMOS Durazno,BASE-MOUSSE-DURAZNO,Mousse Durazno,0.1,kg,0.1,SUBRECETA,SI,AL_ENSAMBLAR,
CUC-DUR-270,Cuchareable MOMOS Durazno,BASE-CHEESECAKE-NEUTRO,Cheesecake neutro,0.05,kg,0.05,SUBRECETA,SI,AL_ENSAMBLAR,
CUC-DUR-270,Cuchareable MOMOS Durazno,BASE-CROCANTE-NEUTRO,Crocante/galleta,0.055,kg,0.055,SUBRECETA,SI,AL_ENSAMBLAR,
CUC-DUR-270,Cuchareable MOMOS Durazno,BASE-SALSA-DURAZNO,Salsa Durazno,0.035,kg,0.035,SUBRECETA,SI,AL_ENSAMBLAR,
CUC-DUR-270,Cuchareable MOMOS Durazno,TOP-DURAZNO,Topping Durazno,0.03,kg,0.03,INSUMO_O_SUBRECETA,SI,AL_ENSAMBLAR,
CUC-DUR-270,Cuchareable MOMOS Durazno,FIG-HOR-DUR,Figurita horizontal Durazno,1,und,0,SEMITERMINADO,SI,AL_ENSAMBLAR,Peso pendiente de validar; se consume por unidad.
CUC-MNM-270,Cuchareable MOMOS M&M,BASE-MOUSSE-MNM,Mousse M&M,0.1,kg,0.1,SUBRECETA,SI,AL_ENSAMBLAR,
CUC-MNM-270,Cuchareable MOMOS M&M,BASE-CHEESECAKE-NEUTRO,Cheesecake neutro,0.05,kg,0.05,SUBRECETA,SI,AL_ENSAMBLAR,
CUC-MNM-270,Cuchareable MOMOS M&M,BASE-CROCANTE-CHOCOLATE,Crocante/galleta,0.055,kg,0.055,SUBRECETA,SI,AL_ENSAMBLAR,
CUC-MNM-270,Cuchareable MOMOS M&M,BASE-SALSA-CHOCOLATE,Salsa M&M,0.035,kg,0.035,SUBRECETA,SI,AL_ENSAMBLAR,
CUC-MNM-270,Cuchareable MOMOS M&M,TOP-MNM,Topping M&M,0.03,kg,0.03,INSUMO_O_SUBRECETA,SI,AL_ENSAMBLAR,
CUC-MNM-270,Cuchareable MOMOS M&M,FIG-HOR-MNM,Figurita horizontal M&M,1,und,0,SEMITERMINADO,SI,AL_ENSAMBLAR,Peso pendiente de validar; se consume por unidad.
CUC-ORE-270,Cuchareable MOMOS Oreo,BASE-MOUSSE-OREO,Mousse Oreo,0.1,kg,0.1,SUBRECETA,SI,AL_ENSAMBLAR,
CUC-ORE-270,Cuchareable MOMOS Oreo,BASE-CHEESECAKE-NEUTRO,Cheesecake neutro,0.05,kg,0.05,SUBRECETA,SI,AL_ENSAMBLAR,
CUC-ORE-270,Cuchareable MOMOS Oreo,BASE-CROCANTE-OREO,Crocante/galleta,0.055,kg,0.055,SUBRECETA,SI,AL_ENSAMBLAR,
CUC-ORE-270,Cuchareable MOMOS Oreo,BASE-SALSA-CHOCOLATE,Salsa Oreo,0.035,kg,0.035,SUBRECETA,SI,AL_ENSAMBLAR,
CUC-ORE-270,Cuchareable MOMOS Oreo,TOP-OREO-TRITURADA,Topping Oreo,0.03,kg,0.03,INSUMO_O_SUBRECETA,SI,AL_ENSAMBLAR,
CUC-ORE-270,Cuchareable MOMOS Oreo,FIG-HOR-ORE,Figurita horizontal Oreo,1,und,0,SEMITERMINADO,SI,AL_ENSAMBLAR,Peso pendiente de validar; se consume por unidad.
CUC-CSL-270,Cuchareable MOMOS Caramelo salado,BASE-MOUSSE-CARAMELO-SALADO,Mousse Caramelo salado,0.1,kg,0.1,SUBRECETA,SI,AL_ENSAMBLAR,
CUC-CSL-270,Cuchareable MOMOS Caramelo salado,BASE-CHEESECAKE-NEUTRO,Cheesecake neutro,0.05,kg,0.05,SUBRECETA,SI,AL_ENSAMBLAR,
CUC-CSL-270,Cuchareable MOMOS Caramelo salado,BASE-CROCANTE-SALTIN,Crocante/galleta,0.055,kg,0.055,SUBRECETA,SI,AL_ENSAMBLAR,
CUC-CSL-270,Cuchareable MOMOS Caramelo salado,BASE-CARAMELO-SALADO,Salsa Caramelo salado,0.035,kg,0.035,SUBRECETA,SI,AL_ENSAMBLAR,
CUC-CSL-270,Cuchareable MOMOS Caramelo salado,TOP-CROCANTE-CARAMELO,Topping Caramelo salado,0.03,kg,0.03,INSUMO_O_SUBRECETA,SI,AL_ENSAMBLAR,
CUC-CSL-270,Cuchareable MOMOS Caramelo salado,FIG-HOR-CSL,Figurita horizontal Caramelo salado,1,und,0,SEMITERMINADO,SI,AL_ENSAMBLAR,Peso pendiente de validar; se consume por unidad.
CUC-NUT-270,Cuchareable MOMOS Nutella,BASE-MOUSSE-NUTELLA,Mousse Nutella,0.1,kg,0.1,SUBRECETA,SI,AL_ENSAMBLAR,
CUC-NUT-270,Cuchareable MOMOS Nutella,BASE-CHEESECAKE-NEUTRO,Cheesecake neutro,0.05,kg,0.05,SUBRECETA,SI,AL_ENSAMBLAR,
CUC-NUT-270,Cuchareable MOMOS Nutella,BASE-CROCANTE-CHOCOLATE,Crocante/galleta,0.055,kg,0.055,SUBRECETA,SI,AL_ENSAMBLAR,
CUC-NUT-270,Cuchareable MOMOS Nutella,BASE-SALSA-NUTELLA,Salsa Nutella,0.035,kg,0.035,SUBRECETA,SI,AL_ENSAMBLAR,
CUC-NUT-270,Cuchareable MOMOS Nutella,TOP-AVELLANA,Topping Nutella,0.03,kg,0.03,INSUMO_O_SUBRECETA,SI,AL_ENSAMBLAR,
CUC-NUT-270,Cuchareable MOMOS Nutella,FIG-HOR-NUT,Figurita horizontal Nutella,1,und,0,SEMITERMINADO,SI,AL_ENSAMBLAR,Peso pendiente de validar; se consume por unidad.
CUC-MIL-270,Cuchareable MOMOS Milo,BASE-MOUSSE-MILO,Mousse Milo,0.1,kg,0.1,SUBRECETA,SI,AL_ENSAMBLAR,
CUC-MIL-270,Cuchareable MOMOS Milo,BASE-CHEESECAKE-NEUTRO,Cheesecake neutro,0.05,kg,0.05,SUBRECETA,SI,AL_ENSAMBLAR,
CUC-MIL-270,Cuchareable MOMOS Milo,BASE-CROCANTE-CHOCOLATE,Crocante/galleta,0.055,kg,0.055,SUBRECETA,SI,AL_ENSAMBLAR,
CUC-MIL-270,Cuchareable MOMOS Milo,BASE-SALSA-CHOCOLATE,Salsa Milo,0.035,kg,0.035,SUBRECETA,SI,AL_ENSAMBLAR,
CUC-MIL-270,Cuchareable MOMOS Milo,TOP-MILO,Topping Milo,0.03,kg,0.03,INSUMO_O_SUBRECETA,SI,AL_ENSAMBLAR,
CUC-MIL-270,Cuchareable MOMOS Milo,FIG-HOR-MIL,Figurita horizontal Milo,1,und,0,SEMITERMINADO,SI,AL_ENSAMBLAR,Peso pendiente de validar; se consume por unidad.
SUN-MBI-270,Sundae MOMOS Mango biche,BASE-MOUSSE-MANGO-BICHE,Mousse congelada Mango biche,0.125,kg,0.125,SUBRECETA,SI,AL_PREPARAR,
SUN-MBI-270,Sundae MOMOS Mango biche,BASE-CHEESECAKE-NEUTRO,Cheesecake/crema,0.04,kg,0.04,SUBRECETA,SI,AL_PREPARAR,
SUN-MBI-270,Sundae MOMOS Mango biche,BASE-SALSA-MANGO-BICHE,Salsa/ganache Mango biche,0.04,kg,0.04,SUBRECETA,SI,AL_PREPARAR,
SUN-MBI-270,Sundae MOMOS Mango biche,BASE-CROCANTE-NEUTRO,Crocante/galleta,0.03,kg,0.03,SUBRECETA,SI,AL_PREPARAR,
SUN-MBI-270,Sundae MOMOS Mango biche,BASE-INCLUSION-MANGO-BICHE,Fruta o inclusión Mango biche,0.02,kg,0.02,INSUMO_O_SUBRECETA,SI,AL_PREPARAR,
SUN-MBI-270,Sundae MOMOS Mango biche,TOP-MANGO-BICHE,Topping Mango biche,0.015,kg,0.015,INSUMO_O_SUBRECETA,SI,AL_PREPARAR,
SUN-COC-270,Sundae MOMOS Coco,BASE-MOUSSE-COCO,Mousse congelada Coco,0.125,kg,0.125,SUBRECETA,SI,AL_PREPARAR,
SUN-COC-270,Sundae MOMOS Coco,BASE-CHEESECAKE-NEUTRO,Cheesecake/crema,0.04,kg,0.04,SUBRECETA,SI,AL_PREPARAR,
SUN-COC-270,Sundae MOMOS Coco,BASE-SALSA-LECHE-CONDENSADA,Salsa/ganache Coco,0.04,kg,0.04,SUBRECETA,SI,AL_PREPARAR,
SUN-COC-270,Sundae MOMOS Coco,BASE-CROCANTE-NEUTRO,Crocante/galleta,0.03,kg,0.03,SUBRECETA,SI,AL_PREPARAR,
SUN-COC-270,Sundae MOMOS Coco,INS-COCO-RALLADO,Fruta o inclusión Coco,0.02,kg,0.02,INSUMO_O_SUBRECETA,SI,AL_PREPARAR,
SUN-COC-270,Sundae MOMOS Coco,TOP-COCO-RALLADO,Topping Coco,0.015,kg,0.015,INSUMO_O_SUBRECETA,SI,AL_PREPARAR,
SUN-MAR-270,Sundae MOMOS Maracuyá,BASE-MOUSSE-MARACUYA,Mousse congelada Maracuyá,0.125,kg,0.125,SUBRECETA,SI,AL_PREPARAR,
SUN-MAR-270,Sundae MOMOS Maracuyá,BASE-CHEESECAKE-NEUTRO,Cheesecake/crema,0.04,kg,0.04,SUBRECETA,SI,AL_PREPARAR,
SUN-MAR-270,Sundae MOMOS Maracuyá,BASE-SALSA-MARACUYA,Salsa/ganache Maracuyá,0.04,kg,0.04,SUBRECETA,SI,AL_PREPARAR,
SUN-MAR-270,Sundae MOMOS Maracuyá,BASE-CROCANTE-NEUTRO,Crocante/galleta,0.03,kg,0.03,SUBRECETA,SI,AL_PREPARAR,
SUN-MAR-270,Sundae MOMOS Maracuyá,BASE-INCLUSION-MARACUYA,Fruta o inclusión Maracuyá,0.02,kg,0.02,INSUMO_O_SUBRECETA,SI,AL_PREPARAR,
SUN-MAR-270,Sundae MOMOS Maracuyá,TOP-MARACUYA,Topping Maracuyá,0.015,kg,0.015,INSUMO_O_SUBRECETA,SI,AL_PREPARAR,
SUN-LIM-270,Sundae MOMOS Limón,BASE-MOUSSE-LIMON,Mousse congelada Limón,0.125,kg,0.125,SUBRECETA,SI,AL_PREPARAR,
SUN-LIM-270,Sundae MOMOS Limón,BASE-CHEESECAKE-NEUTRO,Cheesecake/crema,0.04,kg,0.04,SUBRECETA,SI,AL_PREPARAR,
SUN-LIM-270,Sundae MOMOS Limón,BASE-SALSA-LIMON,Salsa/ganache Limón,0.04,kg,0.04,SUBRECETA,SI,AL_PREPARAR,
SUN-LIM-270,Sundae MOMOS Limón,BASE-CROCANTE-NEUTRO,Crocante/galleta,0.03,kg,0.03,SUBRECETA,SI,AL_PREPARAR,
SUN-LIM-270,Sundae MOMOS Limón,BASE-INCLUSION-LIMON,Fruta o inclusión Limón,0.02,kg,0.02,INSUMO_O_SUBRECETA,SI,AL_PREPARAR,
SUN-LIM-270,Sundae MOMOS Limón,TOP-RALLADURA-LIMON,Topping Limón,0.015,kg,0.015,INSUMO_O_SUBRECETA,SI,AL_PREPARAR,
SUN-BAN-270,Sundae MOMOS Banano,BASE-MOUSSE-BANANO,Mousse congelada Banano,0.125,kg,0.125,SUBRECETA,SI,AL_PREPARAR,
SUN-BAN-270,Sundae MOMOS Banano,BASE-CHEESECAKE-NEUTRO,Cheesecake/crema,0.04,kg,0.04,SUBRECETA,SI,AL_PREPARAR,
SUN-BAN-270,Sundae MOMOS Banano,BASE-SALSA-BANANO,Salsa/ganache Banano,0.04,kg,0.04,SUBRECETA,SI,AL_PREPARAR,
SUN-BAN-270,Sundae MOMOS Banano,BASE-CROCANTE-SALTIN,Crocante/galleta,0.03,kg,0.03,SUBRECETA,SI,AL_PREPARAR,
SUN-BAN-270,Sundae MOMOS Banano,BASE-INCLUSION-BANANO,Fruta o inclusión Banano,0.02,kg,0.02,INSUMO_O_SUBRECETA,SI,AL_PREPARAR,
SUN-BAN-270,Sundae MOMOS Banano,TOP-BANANO,Topping Banano,0.015,kg,0.015,INSUMO_O_SUBRECETA,SI,AL_PREPARAR,
SUN-DUR-270,Sundae MOMOS Durazno,BASE-MOUSSE-DURAZNO,Mousse congelada Durazno,0.125,kg,0.125,SUBRECETA,SI,AL_PREPARAR,
SUN-DUR-270,Sundae MOMOS Durazno,BASE-CHEESECAKE-NEUTRO,Cheesecake/crema,0.04,kg,0.04,SUBRECETA,SI,AL_PREPARAR,
SUN-DUR-270,Sundae MOMOS Durazno,BASE-SALSA-DURAZNO,Salsa/ganache Durazno,0.04,kg,0.04,SUBRECETA,SI,AL_PREPARAR,
SUN-DUR-270,Sundae MOMOS Durazno,BASE-CROCANTE-NEUTRO,Crocante/galleta,0.03,kg,0.03,SUBRECETA,SI,AL_PREPARAR,
SUN-DUR-270,Sundae MOMOS Durazno,BASE-INCLUSION-DURAZNO,Fruta o inclusión Durazno,0.02,kg,0.02,INSUMO_O_SUBRECETA,SI,AL_PREPARAR,
SUN-DUR-270,Sundae MOMOS Durazno,TOP-DURAZNO,Topping Durazno,0.015,kg,0.015,INSUMO_O_SUBRECETA,SI,AL_PREPARAR,
SUN-MNM-270,Sundae MOMOS M&M,BASE-MOUSSE-MNM,Mousse congelada M&M,0.125,kg,0.125,SUBRECETA,SI,AL_PREPARAR,
SUN-MNM-270,Sundae MOMOS M&M,BASE-CHEESECAKE-NEUTRO,Cheesecake/crema,0.04,kg,0.04,SUBRECETA,SI,AL_PREPARAR,
SUN-MNM-270,Sundae MOMOS M&M,BASE-SALSA-CHOCOLATE,Salsa/ganache M&M,0.04,kg,0.04,SUBRECETA,SI,AL_PREPARAR,
SUN-MNM-270,Sundae MOMOS M&M,BASE-CROCANTE-CHOCOLATE,Crocante/galleta,0.03,kg,0.03,SUBRECETA,SI,AL_PREPARAR,
SUN-MNM-270,Sundae MOMOS M&M,INS-MNM,Fruta o inclusión M&M,0.02,kg,0.02,INSUMO_O_SUBRECETA,SI,AL_PREPARAR,
SUN-MNM-270,Sundae MOMOS M&M,TOP-MNM,Topping M&M,0.015,kg,0.015,INSUMO_O_SUBRECETA,SI,AL_PREPARAR,
SUN-ORE-270,Sundae MOMOS Oreo,BASE-MOUSSE-OREO,Mousse congelada Oreo,0.125,kg,0.125,SUBRECETA,SI,AL_PREPARAR,
SUN-ORE-270,Sundae MOMOS Oreo,BASE-CHEESECAKE-NEUTRO,Cheesecake/crema,0.04,kg,0.04,SUBRECETA,SI,AL_PREPARAR,
SUN-ORE-270,Sundae MOMOS Oreo,BASE-SALSA-CHOCOLATE,Salsa/ganache Oreo,0.04,kg,0.04,SUBRECETA,SI,AL_PREPARAR,
SUN-ORE-270,Sundae MOMOS Oreo,BASE-CROCANTE-OREO,Crocante/galleta,0.03,kg,0.03,SUBRECETA,SI,AL_PREPARAR,
SUN-ORE-270,Sundae MOMOS Oreo,INS-OREO-TRITURADA,Fruta o inclusión Oreo,0.02,kg,0.02,INSUMO_O_SUBRECETA,SI,AL_PREPARAR,
SUN-ORE-270,Sundae MOMOS Oreo,TOP-OREO-TRITURADA,Topping Oreo,0.015,kg,0.015,INSUMO_O_SUBRECETA,SI,AL_PREPARAR,
SUN-CSL-270,Sundae MOMOS Caramelo salado,BASE-MOUSSE-CARAMELO-SALADO,Mousse congelada Caramelo salado,0.125,kg,0.125,SUBRECETA,SI,AL_PREPARAR,
SUN-CSL-270,Sundae MOMOS Caramelo salado,BASE-CHEESECAKE-NEUTRO,Cheesecake/crema,0.04,kg,0.04,SUBRECETA,SI,AL_PREPARAR,
SUN-CSL-270,Sundae MOMOS Caramelo salado,BASE-CARAMELO-SALADO,Salsa/ganache Caramelo salado,0.04,kg,0.04,SUBRECETA,SI,AL_PREPARAR,
SUN-CSL-270,Sundae MOMOS Caramelo salado,BASE-CROCANTE-SALTIN,Crocante/galleta,0.03,kg,0.03,SUBRECETA,SI,AL_PREPARAR,
SUN-CSL-270,Sundae MOMOS Caramelo salado,BASE-CARAMELO-SALADO,Fruta o inclusión Caramelo salado,0.02,kg,0.02,INSUMO_O_SUBRECETA,SI,AL_PREPARAR,
SUN-CSL-270,Sundae MOMOS Caramelo salado,TOP-CROCANTE-CARAMELO,Topping Caramelo salado,0.015,kg,0.015,INSUMO_O_SUBRECETA,SI,AL_PREPARAR,
SUN-NUT-270,Sundae MOMOS Nutella,BASE-MOUSSE-NUTELLA,Mousse congelada Nutella,0.125,kg,0.125,SUBRECETA,SI,AL_PREPARAR,
SUN-NUT-270,Sundae MOMOS Nutella,BASE-CHEESECAKE-NEUTRO,Cheesecake/crema,0.04,kg,0.04,SUBRECETA,SI,AL_PREPARAR,
SUN-NUT-270,Sundae MOMOS Nutella,BASE-SALSA-NUTELLA,Salsa/ganache Nutella,0.04,kg,0.04,SUBRECETA,SI,AL_PREPARAR,
SUN-NUT-270,Sundae MOMOS Nutella,BASE-CROCANTE-CHOCOLATE,Crocante/galleta,0.03,kg,0.03,SUBRECETA,SI,AL_PREPARAR,
SUN-NUT-270,Sundae MOMOS Nutella,INS-NUTELLA,Fruta o inclusión Nutella,0.02,kg,0.02,INSUMO_O_SUBRECETA,SI,AL_PREPARAR,
SUN-NUT-270,Sundae MOMOS Nutella,TOP-AVELLANA,Topping Nutella,0.015,kg,0.015,INSUMO_O_SUBRECETA,SI,AL_PREPARAR,
SUN-MIL-270,Sundae MOMOS Milo,BASE-MOUSSE-MILO,Mousse congelada Milo,0.125,kg,0.125,SUBRECETA,SI,AL_PREPARAR,
SUN-MIL-270,Sundae MOMOS Milo,BASE-CHEESECAKE-NEUTRO,Cheesecake/crema,0.04,kg,0.04,SUBRECETA,SI,AL_PREPARAR,
SUN-MIL-270,Sundae MOMOS Milo,BASE-SALSA-CHOCOLATE,Salsa/ganache Milo,0.04,kg,0.04,SUBRECETA,SI,AL_PREPARAR,
SUN-MIL-270,Sundae MOMOS Milo,BASE-CROCANTE-CHOCOLATE,Crocante/galleta,0.03,kg,0.03,SUBRECETA,SI,AL_PREPARAR,
SUN-MIL-270,Sundae MOMOS Milo,INS-MILO,Fruta o inclusión Milo,0.02,kg,0.02,INSUMO_O_SUBRECETA,SI,AL_PREPARAR,
SUN-MIL-270,Sundae MOMOS Milo,TOP-MILO,Topping Milo,0.015,kg,0.015,INSUMO_O_SUBRECETA,SI,AL_PREPARAR,
